institute,city,url
Business and Development School 3A,Lyon,https://www.ecole3a.edu
ISTOM,Angers,https://www.istom.fr
KEDGE Business School,Talence,https://kedge.edu
Paris 1 Panthéon-Sorbonne University,Paris,https://www.pantheonsorbonne.fr
University of Paris 8 Vincennes - Saint-Denis,Saint-Denis,https://www.univ-paris8.fr
"University Paris-Pantheon-Assas
ISIT",Paris,https://www.isit-paris.fr
"SKEMA Business School
SKEMA Business School - Belo Horizonte Campus",Belo Horizonte,https://www.skema.edu.br
Agro Institute,Paris,https://www.institut-agro.fr
"Agro Institute
Agro Institute Dijon",Dijon,https://institut-agro-dijon.fr
"Agro Institute
Agro Institute Montpellier",Montpellier,https://www.institut-agro-montpellier.fr
"Agro Institute
Agro Institute Rennes-Angers",Rennes,https://www.agrocampus-ouest.fr
Air Force Academy,Salon-de-Provence Air,https://www.ecole-air-espace.fr
Aix-Marseille University,Marseille,https://www.univ-amu.fr
"Aix-Marseille University
Aix-Marseille School of Journalism and Communication",Marseille,https://ejcam.univ-amu.fr
"Aix-Marseille University
Inspé Aix Marseille",Marseille,https://inspe.univ-amu.fr
"Aix-Marseille University
Institute of Public Management and Territorial Governance",Aix-en-Provence,https://impgt.univ-amu.fr
"Aix-Marseille University
Pythéas Institute - Observatory of Sciences of the Universe",Marseille,https://www.osupytheas.fr
"Aix-Marseille University
Polytech Marseille",Marseille,https://polytech.univ-amu.fr
Angers University,Angers,https://www.univ-angers.fr
"Angers University
Polytech Angers",Angers,http://www.polytech-angers.fr
Artois University,Arras,http://www.univ-artois.fr
Arts et Métiers Sciences et Technologies,Paris,https://artsetmetiers.fr
Audencia Business School,Nantes,https://www.audencia.com
Avignon Art School,Avignon,http://esaavignon.eu
Avignon University,Avignon,https://univ-avignon.fr
Beaux-Arts of Paris,Paris,https://www.beauxartsparis.fr
Bordeaux INP,Talence,https://www.bordeaux-inp.fr
"Bordeaux INP
ENSC",Talence,https://ensc.bordeaux-inp.fr
"Bordeaux INP
ENSCBP",Pessac,https://enscbp.bordeaux-inp.fr
"Bordeaux INP
ENSEGID",Talence,https://ensegid.bordeaux-inp.fr
"Bordeaux INP
ENSEIRB-MATMECA",Talence,https://enseirb-matmeca.bordeaux-inp.fr
"Bordeaux INP
ENSTBB",Bordeaux,https://enstbb.bordeaux-inp.fr
Bordeaux Montaigne University,Pessac,https://www.u-bordeaux-montaigne.fr
"Bordeaux Montaigne University
Inspé Bordeaux",Mérignac,https://www.inspe-bordeaux.fr
Bordeaux Sciences Agro,Gradignan,https://www.agro-bordeaux.fr
Bordeaux University,Talence,https://www.u-bordeaux.com
Brest Business School,Brest,https://brest-bs.com
Brest National School of Engineering,Brest,https://www.enib.fr
Burgundy School of Business,Dijon,https://www.bsb-education.com
Burgundy University,Dijon,https://www.u-bourgogne.fr
"Burgundy University
ESIREM",Dijon,https://esirem.u-bourgogne.fr
"Burgundy University
Inspé Dijon",Dijon,https://inspe.u-bourgogne.fr
Caen Normandie University,Caen,https://www.unicaen.fr
"Caen Normandie University
ESIX Normandie",Cherbourg-en-Cotentin,http://esix.unicaen.fr
"Caen Normandie University
Inspé Normandie Caen",Caen,http://inspe.unicaen.fr
Caen-Cherbourg School of Arts and Media,Caen,http://www.esam-c2.fr
Cambrai School of Art and Communication,Cambrai,http://www.esac-cambrai.net/wordpress
Business and Development School 3A,Lyon,https://www.ecole3a.edu
ISTOM,Angers,https://www.istom.fr
KEDGE Business School,Talence,https://kedge.edu
Paris 1 Panthéon-Sorbonne University,Paris,https://www.pantheonsorbonne.fr
University of Paris 8 Vincennes - Saint-Denis,Saint-Denis,https://www.univ-paris8.fr
"University Paris-Pantheon-Assas
ISIT",Paris,https://www.isit-paris.fr
"SKEMA Business School
SKEMA Business School - Belo Horizonte Campus",Belo Horizonte,https://www.skema.edu.br
Agro Institute,Paris,https://www.institut-agro.fr
"Agro Institute
Agro Institute Dijon",Dijon,https://institut-agro-dijon.fr
"Agro Institute
Agro Institute Montpellier",Montpellier,https://www.institut-agro-montpellier.fr
"Agro Institute
Agro Institute Rennes-Angers",Rennes,https://www.agrocampus-ouest.fr
Air Force Academy,Salon-de-Provence Air,https://www.ecole-air-espace.fr
Aix-Marseille University,Marseille,https://www.univ-amu.fr
"Aix-Marseille University
Aix-Marseille School of Journalism and Communication",Marseille,https://ejcam.univ-amu.fr
"Aix-Marseille University
Inspé Aix Marseille",Marseille,https://inspe.univ-amu.fr
"Aix-Marseille University
Institute of Public Management and Territorial Governance",Aix-en-Provence,https://impgt.univ-amu.fr
"Aix-Marseille University
Pythéas Institute - Observatory of Sciences of the Universe",Marseille,https://www.osupytheas.fr
"Aix-Marseille University
Polytech Marseille",Marseille,https://polytech.univ-amu.fr
Angers University,Angers,https://www.univ-angers.fr
Business and Development School 3A,Lyon,https://www.ecole3a.edu
ISTOM,Angers,https://www.istom.fr
KEDGE Business School,Talence,https://kedge.edu
Paris 1 Panthéon-Sorbonne University,Paris,https://www.pantheonsorbonne.fr
University of Paris 8 Vincennes - Saint-Denis,Saint-Denis,https://www.univ-paris8.fr
"University Paris-Pantheon-Assas
ISIT",Paris,https://www.isit-paris.fr
"SKEMA Business School
SKEMA Business School - Belo Horizonte Campus",Belo Horizonte,https://www.skema.edu.br
Agro Institute,Paris,https://www.institut-agro.fr
"Agro Institute
Agro Institute Dijon",Dijon,https://institut-agro-dijon.fr
"Agro Institute
Agro Institute Montpellier",Montpellier,https://www.institut-agro-montpellier.fr
"Agro Institute
Agro Institute Rennes-Angers",Rennes,https://www.agrocampus-ouest.fr
Air Force Academy,Salon-de-Provence Air,https://www.ecole-air-espace.fr
Aix-Marseille University,Marseille,https://www.univ-amu.fr
"Aix-Marseille University
Aix-Marseille School of Journalism and Communication",Marseille,https://ejcam.univ-amu.fr
"Aix-Marseille University
Inspé Aix Marseille",Marseille,https://inspe.univ-amu.fr
"Aix-Marseille University
Institute of Public Management and Territorial Governance",Aix-en-Provence,https://impgt.univ-amu.fr
"Aix-Marseille University
Pythéas Institute - Observatory of Sciences of the Universe",Marseille,https://www.osupytheas.fr
"Aix-Marseille University
Polytech Marseille",Marseille,https://polytech.univ-amu.fr
Angers University,Angers,https://www.univ-angers.fr
"Angers University
Polytech Angers",Angers,http://www.polytech-angers.fr
Artois University,Arras,http://www.univ-artois.fr
Arts et Métiers Sciences et Technologies,Paris,https://artsetmetiers.fr
Audencia Business School,Nantes,https://www.audencia.com
Avignon Art School,Avignon,http://esaavignon.eu
Avignon University,Avignon,https://univ-avignon.fr
Beaux-Arts of Paris,Paris,https://www.beauxartsparis.fr
Bordeaux INP,Talence,https://www.bordeaux-inp.fr
"Bordeaux INP
ENSC",Talence,https://ensc.bordeaux-inp.fr
"Bordeaux INP
ENSCBP",Pessac,https://enscbp.bordeaux-inp.fr
"Bordeaux INP
ENSEGID",Talence,https://ensegid.bordeaux-inp.fr
"Bordeaux INP
ENSEIRB-MATMECA",Talence,https://enseirb-matmeca.bordeaux-inp.fr
"Bordeaux INP
ENSTBB",Bordeaux,https://enstbb.bordeaux-inp.fr
Bordeaux Montaigne University,Pessac,https://www.u-bordeaux-montaigne.fr
"Bordeaux Montaigne University
Inspé Bordeaux",Mérignac,https://www.inspe-bordeaux.fr
Bordeaux Sciences Agro,Gradignan,https://www.agro-bordeaux.fr
Bordeaux University,Talence,https://www.u-bordeaux.com
Brest Business School,Brest,https://brest-bs.com
Brest National School of Engineering,Brest,https://www.enib.fr
Burgundy School of Business,Dijon,https://www.bsb-education.com
Burgundy University,Dijon,https://www.u-bourgogne.fr
"Burgundy University
ESIREM",Dijon,https://esirem.u-bourgogne.fr
"Burgundy University
Inspé Dijon",Dijon,https://inspe.u-bourgogne.fr
Caen Normandie University,Caen,https://www.unicaen.fr
"Caen Normandie University
ESIX Normandie",Cherbourg-en-Cotentin,http://esix.unicaen.fr
Business and Development School 3A,Lyon,https://www.ecole3a.edu
ISTOM,Angers,https://www.istom.fr
KEDGE Business School,Talence,https://kedge.edu
Paris 1 Panthéon-Sorbonne University,Paris,https://www.pantheonsorbonne.fr
University of Paris 8 Vincennes - Saint-Denis,Saint-Denis,https://www.univ-paris8.fr
"University Paris-Pantheon-Assas
ISIT",Paris,https://www.isit-paris.fr
"SKEMA Business School
SKEMA Business School - Belo Horizonte Campus",Belo Horizonte,https://www.skema.edu.br
Agro Institute,Paris,https://www.institut-agro.fr
"Agro Institute
Agro Institute Dijon",Dijon,https://institut-agro-dijon.fr
"Agro Institute
Agro Institute Montpellier",Montpellier,https://www.institut-agro-montpellier.fr
"Agro Institute
Agro Institute Rennes-Angers",Rennes,https://www.agrocampus-ouest.fr
Air Force Academy,Salon-de-Provence Air,https://www.ecole-air-espace.fr
Aix-Marseille University,Marseille,https://www.univ-amu.fr
"Aix-Marseille University
Aix-Marseille School of Journalism and Communication",Marseille,https://ejcam.univ-amu.fr
"Aix-Marseille University
Inspé Aix Marseille",Marseille,https://inspe.univ-amu.fr
"Aix-Marseille University
Institute of Public Management and Territorial Governance",Aix-en-Provence,https://impgt.univ-amu.fr
"Aix-Marseille University
Pythéas Institute - Observatory of Sciences of the Universe",Marseille,https://www.osupytheas.fr
"Aix-Marseille University
Polytech Marseille",Marseille,https://polytech.univ-amu.fr
Angers University,Angers,https://www.univ-angers.fr
"Angers University
Polytech Angers",Angers,http://www.polytech-angers.fr
Artois University,Arras,http://www.univ-artois.fr
Arts et Métiers Sciences et Technologies,Paris,https://artsetmetiers.fr
Audencia Business School,Nantes,https://www.audencia.com
Avignon Art School,Avignon,http://esaavignon.eu
Avignon University,Avignon,https://univ-avignon.fr
Beaux-Arts of Paris,Paris,https://www.beauxartsparis.fr
Bordeaux INP,Talence,https://www.bordeaux-inp.fr
"Bordeaux INP
ENSC",Talence,https://ensc.bordeaux-inp.fr
"Bordeaux INP
ENSCBP",Pessac,https://enscbp.bordeaux-inp.fr
"Bordeaux INP
ENSEGID",Talence,https://ensegid.bordeaux-inp.fr
"Bordeaux INP
ENSEIRB-MATMECA",Talence,https://enseirb-matmeca.bordeaux-inp.fr
"Bordeaux INP
ENSTBB",Bordeaux,https://enstbb.bordeaux-inp.fr
Business and Development School 3A,Lyon,https://www.ecole3a.edu
ISTOM,Angers,https://www.istom.fr
KEDGE Business School,Talence,https://kedge.edu
Paris 1 Panthéon-Sorbonne University,Paris,https://www.pantheonsorbonne.fr
University of Paris 8 Vincennes - Saint-Denis,Saint-Denis,https://www.univ-paris8.fr
"University Paris-Pantheon-Assas
ISIT",Paris,https://www.isit-paris.fr
"SKEMA Business School
SKEMA Business School - Belo Horizonte Campus",Belo Horizonte,https://www.skema.edu.br
Agro Institute,Paris,https://www.institut-agro.fr
"Agro Institute
Agro Institute Dijon",Dijon,https://institut-agro-dijon.fr
"Agro Institute
Agro Institute Montpellier",Montpellier,https://www.institut-agro-montpellier.fr
"Agro Institute
Agro Institute Rennes-Angers",Rennes,https://www.agrocampus-ouest.fr
Air Force Academy,Salon-de-Provence Air,https://www.ecole-air-espace.fr
Aix-Marseille University,Marseille,https://www.univ-amu.fr
"Aix-Marseille University
Aix-Marseille School of Journalism and Communication",Marseille,https://ejcam.univ-amu.fr
"Aix-Marseille University
Inspé Aix Marseille",Marseille,https://inspe.univ-amu.fr
"Aix-Marseille University
Institute of Public Management and Territorial Governance",Aix-en-Provence,https://impgt.univ-amu.fr
"Aix-Marseille University
Pythéas Institute - Observatory of Sciences of the Universe",Marseille,https://www.osupytheas.fr
"Aix-Marseille University
Polytech Marseille",Marseille,https://polytech.univ-amu.fr
Angers University,Angers,https://www.univ-angers.fr
"Angers University
Polytech Angers",Angers,http://www.polytech-angers.fr
Business and Development School 3A,Lyon,https://www.ecole3a.edu
ISTOM,Angers,https://www.istom.fr
KEDGE Business School,Talence,https://kedge.edu
Paris 1 Panthéon-Sorbonne University,Paris,https://www.pantheonsorbonne.fr
University of Paris 8 Vincennes - Saint-Denis,Saint-Denis,https://www.univ-paris8.fr
"University Paris-Pantheon-Assas
ISIT",Paris,https://www.isit-paris.fr
"SKEMA Business School
SKEMA Business School - Belo Horizonte Campus",Belo Horizonte,https://www.skema.edu.br
Agro Institute,Paris,https://www.institut-agro.fr
"Agro Institute
Agro Institute Dijon",Dijon,https://institut-agro-dijon.fr
"Agro Institute
Agro Institute Montpellier",Montpellier,https://www.institut-agro-montpellier.fr
"Agro Institute
Agro Institute Rennes-Angers",Rennes,https://www.agrocampus-ouest.fr
Air Force Academy,Salon-de-Provence Air,https://www.ecole-air-espace.fr
Business and Development School 3A,Lyon,https://www.ecole3a.edu
ISTOM,Angers,https://www.istom.fr
KEDGE Business School,Talence,https://kedge.edu
Paris 1 Panthéon-Sorbonne University,Paris,https://www.pantheonsorbonne.fr
University of Paris 8 Vincennes - Saint-Denis,Saint-Denis,https://www.univ-paris8.fr
"University Paris-Pantheon-Assas
ISIT",Paris,https://www.isit-paris.fr
"SKEMA Business School
SKEMA Business School - Belo Horizonte Campus",Belo Horizonte,https://www.skema.edu.br
Agro Institute,Paris,https://www.institut-agro.fr
"Agro Institute
Agro Institute Dijon",Dijon,https://institut-agro-dijon.fr
"Agro Institute
Agro Institute Montpellier",Montpellier,https://www.institut-agro-montpellier.fr
"Agro Institute
Agro Institute Rennes-Angers",Rennes,https://www.agrocampus-ouest.fr
Air Force Academy,Salon-de-Provence Air,https://www.ecole-air-espace.fr
Aix-Marseille University,Marseille,https://www.univ-amu.fr
"Aix-Marseille University
Aix-Marseille School of Journalism and Communication",Marseille,https://ejcam.univ-amu.fr
"Aix-Marseille University
Inspé Aix Marseille",Marseille,https://inspe.univ-amu.fr
"Aix-Marseille University
Institute of Public Management and Territorial Governance",Aix-en-Provence,https://impgt.univ-amu.fr
"Aix-Marseille University
Pythéas Institute - Observatory of Sciences of the Universe",Marseille,https://www.osupytheas.fr
"Aix-Marseille University
Polytech Marseille",Marseille,https://polytech.univ-amu.fr
Angers University,Angers,https://www.univ-angers.fr
"Angers University
Polytech Angers",Angers,http://www.polytech-angers.fr
Artois University,Arras,http://www.univ-artois.fr
Arts et Métiers Sciences et Technologies,Paris,https://artsetmetiers.fr
Audencia Business School,Nantes,https://www.audencia.com
Avignon Art School,Avignon,http://esaavignon.eu
Avignon University,Avignon,https://univ-avignon.fr
Beaux-Arts of Paris,Paris,https://www.beauxartsparis.fr
Bordeaux INP,Talence,https://www.bordeaux-inp.fr
"Bordeaux INP
ENSC",Talence,https://ensc.bordeaux-inp.fr
"Bordeaux INP
ENSCBP",Pessac,https://enscbp.bordeaux-inp.fr
"Bordeaux INP
ENSEGID",Talence,https://ensegid.bordeaux-inp.fr
"Bordeaux INP
ENSEIRB-MATMECA",Talence,https://enseirb-matmeca.bordeaux-inp.fr
"Bordeaux INP
ENSTBB",Bordeaux,https://enstbb.bordeaux-inp.fr
Bordeaux Montaigne University,Pessac,https://www.u-bordeaux-montaigne.fr
"Bordeaux Montaigne University
Inspé Bordeaux",Mérignac,https://www.inspe-bordeaux.fr
Bordeaux Sciences Agro,Gradignan,https://www.agro-bordeaux.fr
Bordeaux University,Talence,https://www.u-bordeaux.com
Brest Business School,Brest,https://brest-bs.com
Brest National School of Engineering,Brest,https://www.enib.fr
Burgundy School of Business,Dijon,https://www.bsb-education.com
Burgundy University,Dijon,https://www.u-bourgogne.fr
"Burgundy University
ESIREM",Dijon,https://esirem.u-bourgogne.fr
"Burgundy University
Inspé Dijon",Dijon,https://inspe.u-bourgogne.fr
Caen Normandie University,Caen,https://www.unicaen.fr
"Caen Normandie University
ESIX Normandie",Cherbourg-en-Cotentin,http://esix.unicaen.fr
"Caen Normandie University
Inspé Normandie Caen",Caen,http://inspe.unicaen.fr
Caen-Cherbourg School of Arts and Media,Caen,http://www.esam-c2.fr
Cambrai School of Art and Communication,Cambrai,http://www.esac-cambrai.net/wordpress
Catholic Institute of Rennes,Bruz,https://www.icrennes.org
Centrale Lille,Villeneuve d'Ascq,https://ecole.centralelille.fr
"Centrale Lille
National School of Chemistry of Lille",Villeneuve d’Ascq,https://www.ensc-lille.fr
"Centrale Lille
IG21",Lens,https://ig2i.centralelille.fr
"Centrale Lille
ITEEM",Villeneuve d'Ascq Cedex,https://iteem.centralelille.fr
Centrale Lyon,Ecully,https://www.ec-lyon.fr
Business and Development School 3A,Lyon,https://www.ecole3a.edu
ISTOM,Angers,https://www.istom.fr
KEDGE Business School,Talence,https://kedge.edu
Paris 1 Panthéon-Sorbonne University,Paris,https://www.pantheonsorbonne.fr
University of Paris 8 Vincennes - Saint-Denis,Saint-Denis,https://www.univ-paris8.fr
"University Paris-Pantheon-Assas
ISIT",Paris,https://www.isit-paris.fr
"SKEMA Business School
SKEMA Business School - Belo Horizonte Campus",Belo Horizonte,https://www.skema.edu.br
Agro Institute,Paris,https://www.institut-agro.fr
"Agro Institute
Agro Institute Dijon",Dijon,https://institut-agro-dijon.fr
"Agro Institute
Agro Institute Montpellier",Montpellier,https://www.institut-agro-montpellier.fr
"Agro Institute
Agro Institute Rennes-Angers",Rennes,https://www.agrocampus-ouest.fr
Air Force Academy,Salon-de-Provence Air,https://www.ecole-air-espace.fr
Aix-Marseille University,Marseille,https://www.univ-amu.fr
"Aix-Marseille University
Aix-Marseille School of Journalism and Communication",Marseille,https://ejcam.univ-amu.fr
"Aix-Marseille University
Inspé Aix Marseille",Marseille,https://inspe.univ-amu.fr
"Aix-Marseille University
Institute of Public Management and Territorial Governance",Aix-en-Provence,https://impgt.univ-amu.fr
Business and Development School 3A,Lyon,https://www.ecole3a.edu
ISTOM,Angers,https://www.istom.fr
KEDGE Business School,Talence,https://kedge.edu
Paris 1 Panthéon-Sorbonne University,Paris,https://www.pantheonsorbonne.fr
University of Paris 8 Vincennes - Saint-Denis,Saint-Denis,https://www.univ-paris8.fr
"University Paris-Pantheon-Assas
ISIT",Paris,https://www.isit-paris.fr
"SKEMA Business School
SKEMA Business School - Belo Horizonte Campus",Belo Horizonte,https://www.skema.edu.br
Agro Institute,Paris,https://www.institut-agro.fr
"Agro Institute
Agro Institute Dijon",Dijon,https://institut-agro-dijon.fr
"Agro Institute
Agro Institute Montpellier",Montpellier,https://www.institut-agro-montpellier.fr
"Agro Institute
Agro Institute Rennes-Angers",Rennes,https://www.agrocampus-ouest.fr
Air Force Academy,Salon-de-Provence Air,https://www.ecole-air-espace.fr
Aix-Marseille University,Marseille,https://www.univ-amu.fr
"Aix-Marseille University
Aix-Marseille School of Journalism and Communication",Marseille,https://ejcam.univ-amu.fr
"Aix-Marseille University
Inspé Aix Marseille",Marseille,https://inspe.univ-amu.fr
"Aix-Marseille University
Institute of Public Management and Territorial Governance",Aix-en-Provence,https://impgt.univ-amu.fr
"Aix-Marseille University
Pythéas Institute - Observatory of Sciences of the Universe",Marseille,https://www.osupytheas.fr
"Aix-Marseille University
Polytech Marseille",Marseille,https://polytech.univ-amu.fr
Angers University,Angers,https://www.univ-angers.fr
"Angers University
Polytech Angers",Angers,http://www.polytech-angers.fr
Artois University,Arras,http://www.univ-artois.fr
Arts et Métiers Sciences et Technologies,Paris,https://artsetmetiers.fr
Audencia Business School,Nantes,https://www.audencia.com
Avignon Art School,Avignon,http://esaavignon.eu
Avignon University,Avignon,https://univ-avignon.fr
Beaux-Arts of Paris,Paris,https://www.beauxartsparis.fr
Bordeaux INP,Talence,https://www.bordeaux-inp.fr
"Bordeaux INP
ENSC",Talence,https://ensc.bordeaux-inp.fr
"Bordeaux INP
ENSCBP",Pessac,https://enscbp.bordeaux-inp.fr
"Bordeaux INP
ENSEGID",Talence,https://ensegid.bordeaux-inp.fr
"Bordeaux INP
ENSEIRB-MATMECA",Talence,https://enseirb-matmeca.bordeaux-inp.fr
"Bordeaux INP
ENSTBB",Bordeaux,https://enstbb.bordeaux-inp.fr
Bordeaux Montaigne University,Pessac,https://www.u-bordeaux-montaigne.fr
"Bordeaux Montaigne University
Inspé Bordeaux",Mérignac,https://www.inspe-bordeaux.fr
Bordeaux Sciences Agro,Gradignan,https://www.agro-bordeaux.fr
Bordeaux University,Talence,https://www.u-bordeaux.com
Brest Business School,Brest,https://brest-bs.com
Brest National School of Engineering,Brest,https://www.enib.fr
Burgundy School of Business,Dijon,https://www.bsb-education.com
Burgundy University,Dijon,https://www.u-bourgogne.fr
Business and Development School 3A,Lyon,https://www.ecole3a.edu
ISTOM,Angers,https://www.istom.fr
KEDGE Business School,Talence,https://kedge.edu
Paris 1 Panthéon-Sorbonne University,Paris,https://www.pantheonsorbonne.fr
Business and Development School 3A,Lyon,https://www.ecole3a.edu
ISTOM,Angers,https://www.istom.fr
KEDGE Business School,Talence,https://kedge.edu
Paris 1 Panthéon-Sorbonne University,Paris,https://www.pantheonsorbonne.fr
University of Paris 8 Vincennes - Saint-Denis,Saint-Denis,https://www.univ-paris8.fr
"University Paris-Pantheon-Assas
ISIT",Paris,https://www.isit-paris.fr
"SKEMA Business School
SKEMA Business School - Belo Horizonte Campus",Belo Horizonte,https://www.skema.edu.br
Agro Institute,Paris,https://www.institut-agro.fr
"Agro Institute
Agro Institute Dijon",Dijon,https://institut-agro-dijon.fr
"Agro Institute
Agro Institute Montpellier",Montpellier,https://www.institut-agro-montpellier.fr
"Agro Institute
Agro Institute Rennes-Angers",Rennes,https://www.agrocampus-ouest.fr
Air Force Academy,Salon-de-Provence Air,https://www.ecole-air-espace.fr
Aix-Marseille University,Marseille,https://www.univ-amu.fr
"Aix-Marseille University
Aix-Marseille School of Journalism and Communication",Marseille,https://ejcam.univ-amu.fr
"Aix-Marseille University
Inspé Aix Marseille",Marseille,https://inspe.univ-amu.fr
"Aix-Marseille University
Institute of Public Management and Territorial Governance",Aix-en-Provence,https://impgt.univ-amu.fr
"Aix-Marseille University
Pythéas Institute - Observatory of Sciences of the Universe",Marseille,https://www.osupytheas.fr
"Aix-Marseille University
Polytech Marseille",Marseille,https://polytech.univ-amu.fr
Angers University,Angers,https://www.univ-angers.fr
"Angers University
Polytech Angers",Angers,http://www.polytech-angers.fr
Artois University,Arras,http://www.univ-artois.fr
Arts et Métiers Sciences et Technologies,Paris,https://artsetmetiers.fr
Audencia Business School,Nantes,https://www.audencia.com
Avignon Art School,Avignon,http://esaavignon.eu
Avignon University,Avignon,https://univ-avignon.fr
Beaux-Arts of Paris,Paris,https://www.beauxartsparis.fr
Bordeaux INP,Talence,https://www.bordeaux-inp.fr
"Bordeaux INP
ENSC",Talence,https://ensc.bordeaux-inp.fr
"Bordeaux INP
ENSCBP",Pessac,https://enscbp.bordeaux-inp.fr
"Bordeaux INP
ENSEGID",Talence,https://ensegid.bordeaux-inp.fr
"Bordeaux INP
ENSEIRB-MATMECA",Talence,https://enseirb-matmeca.bordeaux-inp.fr
"Bordeaux INP
ENSTBB",Bordeaux,https://enstbb.bordeaux-inp.fr
Bordeaux Montaigne University,Pessac,https://www.u-bordeaux-montaigne.fr
"Bordeaux Montaigne University
Inspé Bordeaux",Mérignac,https://www.inspe-bordeaux.fr
Bordeaux Sciences Agro,Gradignan,https://www.agro-bordeaux.fr
Bordeaux University,Talence,https://www.u-bordeaux.com
Brest Business School,Brest,https://brest-bs.com
Brest National School of Engineering,Brest,https://www.enib.fr
Burgundy School of Business,Dijon,https://www.bsb-education.com
Burgundy University,Dijon,https://www.u-bourgogne.fr
"Burgundy University
ESIREM",Dijon,https://esirem.u-bourgogne.fr
"Burgundy University
Inspé Dijon",Dijon,https://inspe.u-bourgogne.fr
Caen Normandie University,Caen,https://www.unicaen.fr
"Caen Normandie University
ESIX Normandie",Cherbourg-en-Cotentin,http://esix.unicaen.fr
"Caen Normandie University
Inspé Normandie Caen",Caen,http://inspe.unicaen.fr
Caen-Cherbourg School of Arts and Media,Caen,http://www.esam-c2.fr
Cambrai School of Art and Communication,Cambrai,http://www.esac-cambrai.net/wordpress
Catholic Institute of Rennes,Bruz,https://www.icrennes.org
Centrale Lille,Villeneuve d'Ascq,https://ecole.centralelille.fr
"Centrale Lille
National School of Chemistry of Lille",Villeneuve d’Ascq,https://www.ensc-lille.fr
"Centrale Lille
IG21",Lens,https://ig2i.centralelille.fr
"Centrale Lille
ITEEM",Villeneuve d'Ascq Cedex,https://iteem.centralelille.fr
Centrale Lyon,Ecully,https://www.ec-lyon.fr
Centrale Marseille,Marseille,https://www.centrale-marseille.fr
Centre de formation de la profession bancaire,Nanterre,https://www.cfpb.fr
"Cergy-Pontoise University
Inspé Versailles",Cergy,https://www.inspe-versailles.fr
CESI,Paris,https://www.cesi.fr
Chaillot School,Paris,https://www.citedelarchitecture.fr/fr/article/ecole-de-chaillot
CHEC,Arcueil,https://www.chec.fr
CIFE,Nice,https://www.cife.eu
Claude Bernard Lyon 1 University,Villeurbanne,https://www.univ-lyon1.fr
"Claude Bernard Lyon 1 University
Inspé Lyon",Villeurbanne,https://inspe.univ-lyon1.fr
Clermont Auvergne University,Clermont-Ferrand,https://www.uca.fr
"Clermont Auvergne University
Clermont Auvergne INP - ISIMA",Aubière,https://www.isima.fr
"Clermont Auvergne University
Clermont Auvergne INP - SIGMA Clermont",Aubière,https://www.sigma-clermont.fr
"Clermont Auvergne University
Globe Physics Observatory School",Aubière,https://ecole.opgc.uca.fr
"Clermont Auvergne University
Inspé Clermont Auvergne",Chamalières,https://inspe.uca.fr
Clermont Métropole Art College,Clermont-Ferrand,http://www.esacm.fr
CNAM,Paris,https://www.cnam.fr
"CNAM
ENASS",Paris,https://www.enass.fr
"CNAM
ESGT",Le Mans,https://www.esgt.cnam.fr
"CNAM
INTD",Paris,https://intd.cnam.fr
"CNAM
INTEC",Paris,https://intec.cnam.fr
Côte d’Azur University,Nice,https://univ-cotedazur.fr
"Côte d’Azur University
National Art School Villa Arson",Nice,https://www.villa-arson.org
CPE Lyon,Villeurbanne,https://www.cpe.fr
CY Cergy Paris Université,Cergy-Pontoise,https://www.u-cergy.fr
"CY Cergy Paris Université
CY Tech",Cergy-Pontoise,https://cytech.cyu.fr
"CY Cergy Paris Université
ILEPS",Cergy,https://ileps.fr
Dunkerque-Tourcoing Superior School of Art,Tourcoing,https://www.esa-n.info
EBABX School of Art,Bordeaux,https://www.ebabx.fr
EBI,Cergy,https://ebi-edu.com
EBS Paris,Paris,https://www.ebs-paris.fr
ECAM Lasalle - Lyon,Lyon,https://www.ecam.fr
ECAM Rennes - Louis de Broglie,Rennes,https://www.ecam-rennes.fr
ECAM Strasbourg-Europe,Schiltigheim,https://ecam-strasbourg.eu
ECAM-EPMI,Cergy-Pontoise,https://www.ecam-epmi.fr
ECE,Paris,https://www.ece.fr
ECOA,Poitiers,https://fi.avocats-ecoa.fr
Ecole Boulle,Paris,https://ecole-boulle.org
"Ecole centrale de Lyon
National School of Engineering - Saint-Etienne",Saint-Etienne,https://www.enise.fr
Ecole des Ponts ParisTech,Champs sur Marne,https://www.ecoledesponts.fr
Ecole du Louvre,Paris,https://www.ecoledulouvre.fr
Ecole Estienne - Ecole supérieure des arts et des industries graphiques,Paris,http://www.ecole-estienne.paris
Ecole Média Art du Grand Chalon,Chalon-sur-Saône,http://emafructidor.com
Ecole nationale supérieure des beaux-arts de Lyon,Lyon,http://www.ensba-lyon.fr
Ecole supérieure des arts appliqués Duperré,Paris,https://duperre.org
ECS - European Communication School,Paris,https://ecole-ecs.com
EDA Aliénor,Bordeaux,https://www.eda-alienor.com
EDA Centre Sud,Montpellier,https://www.edacentresud.com
