institute,city,url
The Chicago School of Professional Psychology at Los Angeles,Los Angeles,https://www.thechicagoschool.edu/los-angeles
Academy of Art University,San Francisco,http://www.academyart.edu
Academy of Chinese Culture and Health Sciences,Oakland,http://www.acchs.edu
"Acupuncture and Integrative Medicine College, Berkeley",Berkeley,http://aimc.edu
Alliant International University San Diego,San Diego,http://www.alliant.edu/locations/san-diego-campus/index.php
"Alliant International University San Diego
Alliant International University - Fresno",Fresno,http://www.alliant.edu/locations/fresno-campus
"Alliant International University San Diego
Alliant International University - Irvine",Irvine,https://www.alliant.edu/locations/irvine-campus/
"Alliant International University San Diego
Alliant International University - Los Angeles",Alhambra,https://www.alliant.edu/locations/los-angeles-campus/
"Alliant International University San Diego
Alliant International University - Sacramento",Sacramento,https://www.alliant.edu/locations/sacramento-campus/
"Alliant International University San Diego
Alliant International University - San Francisco",San Francisco,https://www.alliant.edu/locations/san-francisco-campus-beachst
American Jewish University,Bel Air,http://www.ajula.edu/
American University of Health Sciences,Signal Hill,http://www.auhs.edu/
Antelope Valley Community College District,Lancaster,https://www.avc.edu
Antioch University Los Angeles,Culver City,http://www.antiochla.edu/
Antioch University Santa Barbara,Santa Barbara,http://www.antiochsb.edu/
Art Center College of Design,Pasadena,http://www.artcenter.edu
Azusa Pacific University,Azusa,http://www.apu.edu
Bakersfield College,Bakersfield,https://www.bakersfieldcollege.edu
Bethesda University,Anaheim,http://www.buc.edu
Biola University,La Mirada,http://www.biola.edu
California Baptist University,Riverside,http://www.calbaptist.edu
California Coast University,Santa Ana,http://www.calcoast.edu
California College of the Arts,San Francisco,http://www.cca.edu
California Institute of Integral Studies,San Francisco,http://www.ciis.edu
California Institute of Technology,Pasadena,https://www.caltech.edu
California Institute of the Arts,Valencia,http://www.calarts.edu
California Intercontinental University,Irvine,https://www.caluniversity.edu
California Lutheran University,Thousand Oaks,http://www.callutheran.edu
California Miramar University,San Diego,http://www.calmu.edu/
California Polytechnic State University-San Luis Obispo,San Luis Obispo,http://www.calpoly.edu
California State Polytechnic University-Humboldt,Arcata,http://www.humboldt.edu
California State Polytechnic University-Pomona,Pomona,https://www.cpp.edu
California State University,Long Beach,http://www.calstate.edu
California State University Maritime Academy,Vallejo,http://www.csum.edu
California State University-Bakersfield,Bakersfield,https://www.csub.edu
California State University-Channel Islands,Camarillo,https://www.csuci.edu
California State University-Chico,Chico,https://www.csuchico.edu
California State University-Dominguez Hills,Carson,https://www.csudh.edu
California State University-East Bay,Hayward,https://www.csueastbay.edu
California State University-Fresno,Fresno,https://www.csufresno.edu
California State University-Fullerton,Fullerton,https://www.fullerton.edu
California State University-Long Beach,Long Beach,https://www.csulb.edu
California State University-Los Angeles,Los Angeles,http://www.calstatela.edu
California State University-Monterey Bay,Seaside,https://csumb.edu
California State University-Northridge,Northridge,https://www.csun.edu
California State University-Sacramento,Sacramento,https://www.csus.edu
California State University-San Bernardino,San Bernardino,https://www.csusb.edu
California State University-San Marcos,San Marcos,https://www.csusm.edu
California State University-Stanislaus,Turlock,https://www.csustan.edu
California Western School of Law,San Diego,http://www.cwsl.edu
Chapman University,Orange,http://www.chapman.edu
Charles R. Drew University of Medicine and Science,Los Angeles,http://www.cdrewu.edu
City of Hope Graduate School of Biological Sciences,Duarte,http://www.cityofhope.org/grad-school
Claremont Graduate University,Claremont,http://www.cgu.edu
Claremont McKenna College,Claremont,http://www.claremontmckenna.edu
Columbia College Hollywood,Tarzana,http://www.columbiacollege.edu
Concordia University Irvine,Irvine,http://www.cui.edu
Design Institute of San Diego,San Diego,http://www.disd.edu
DeVry University Irvine,Irvine,http://www.devry.edu
Dominican School of Philosophy and Theology,Berkeley,http://www.dspt.edu
Dominican University of California,San Rafael,http://www.dominican.edu
Dongguk University Los Angeles,Los Angeles,http://dula.edu/
Emperor's College of Traditional Oriental Medicine,Santa Monica,http://www.emperors.edu
Fashion Institute of Design and Merchandising,Los Angeles,http://fidm.edu
Fielding Graduate University,Santa Barbara,http://www.fielding.edu
"Five Branches University, Graduate School of Traditional Chinese Medicine",Santa Cruz,http://www.fivebranches.edu
Foothill College,Los Altos Hills,https://foothill.edu
Fresno Pacific University,Fresno,http://www.fresno.edu
Fuller Theological Seminary,Pasadena,https://www.fuller.edu
Golden Gate University,San Francisco,https://www.ggu.edu
Harvey Mudd College,Claremont,http://www.hmc.edu
Hope International University,Fullerton,http://www.hiu.edu
Humphreys College,Stockton,http://www.humphreys.edu
Interior Designers Institute,Newport Beach,http://www.idi.edu
International American University,Los Angeles,https://iaula.edu
International Technological University,San Jose,http://www.itu.edu
Keck Graduate Institute of Applied Life Sciences,Claremont,http://www.kgi.edu/
La Sierra University,Riverside,http://www.lasierra.edu
Laguna College of Art and Design,Laguna Beach,http://www.lcad.edu
Life Chiropractic College West,Hayward,http://www.lifewest.edu
Lincoln University,Oakland,http://www.lincolnuca.edu
Loma Linda University,Loma Linda,http://www.llu.edu
Loyola Marymount University,Los Angeles,http://www.lmu.edu
Marshall B. Ketchum University,Fullerton,http://www.ketchum.edu
Menlo College,Atherton,http://www.menlo.edu/
Middlebury Institute of International Studies at Monterey,Monterey,https://www.middlebury.edu/institute
MiraCosta College,Oceanside,https://www.miracosta.edu
Modesto Junior College,Modesto,https://www.mjc.edu
Mount Saint Mary's College,Los Angeles,http://www.msmc.la.edu
Musicians Institute,Hollywood,http://www.mi.edu
National University,La Jolla,https://www.nu.edu
Naval Postgraduate School,Monterey,http://www.nps.edu
NewSchool of Architecture and Design,San Diego,https://www.newschoolarch.edu
Northwestern Polytechnic University,Freemont,http://www.npu.edu
Notre Dame de Namur University,Belmont,http://www.ndnu.edu
Occidental College,Los Angeles,http://www.oxy.edu
Otis College of Art and Design,Los Angeles,http://www.otis.edu
Pacific College of Oriental Medicine,San Diego,http://www.pacificcollege.edu
Pacific Oaks College,Pasadena,http://www.pacificoaks.edu
Pacific States University,Los Angeles,http://www.psuca.edu
Pacific Union College,Angwin,http://www.puc.edu
Pacifica Graduate Institute,Carpinteria,http://pacifica.edu
Palo Alto University,Palo Alto,http://www.paloaltou.edu
Pardee Rand Graduate School,Santa Monica,http://www.prgs.edu
Patten University,Oakland,http://www.patten.edu
Pepperdine University,Malibu,http://www.pepperdine.edu
Pitzer College,Claremont,http://www.pitzer.edu
Platt College,Alhambra,http://plattcollege.edu
Platt College San Diego,San Diego,http://www.platt.edu/
Point Loma Nazarene University,San Diego,http://www.pointloma.edu
Pomona College,Claremont,http://www.pomona.edu
Saint Mary's College of California,Moraga,http://www.stmarys-ca.edu
Samuel Merritt College,Oakland,http://www.samuelmerritt.edu
San Diego Christian College,El Cajon,http://www.sdcc.edu/
San Diego Mesa College,San Diego,https://www.sdmesa.edu
San Diego State University,San Diego,http://www.sdsu.edu
"San Diego State University
San Diego State University-Imperial Valley Campus",Calexico,https://imperialvalley.sdsu.edu
San Francisco Conservatory of Music,San Francisco,http://www.sfcm.edu
San Francisco State University,San Francisco,https://www.sfsu.edu
San Joaquin College of Law,Clovis,http://www.sjcl.edu
San Jose State University,San Jose,https://www.sjsu.edu
Santa Ana College,Santa Ana,https://www.sac.edu
Santa Clara University,Santa Clara,http://www.scu.edu
Santa Monica College,Santa Monica,https://www.smc.edu
Saybrook University,San Francisco,http://www.saybrook.edu
Scripps College,Claremont,http://www.scrippscollege.edu/
Shasta College,Redding,https://www.shastacollege.edu
Simpson University,Redding,http://www.simpsonu.edu/
Skyline College,San Bruno,https://skylinecollege.edu
Sofia University,Palo Alto,http://www.sofia.edu
Soka University of America,Aliso Viejo,http://www.soka.edu
Solano Community College,Fairfield,https://solano.edu
Sonoma State University,Rohnert Park,https://www.sonoma.edu
South Baylo University,Anaheim,http://www.southbaylo.edu
Southern California Institute of Architecture,Los Angeles,http://www.sciarc.edu
Southern California Institute of Technology,Anaheim,https://www.scitech.edu/
Southern California University of Health Sciences,Whittier,http://www.scuhs.edu/
Southwestern Law School,Los Angeles,http://www.swlaw.edu
Stanford University,Stanford,https://www.stanford.edu/
Taft Law School,Santa Ana,http://www.taftu.edu/TLS/index.htm
Teachers College of San Joaquin,Stockton,https://www.teacherscollegesj.edu
The American Film Institute,Los Angeles,http://www.afi.com
The Master's College,Santa Clarita,http://www.masters.edu
The Scripps Research Institute,La Jolla,http://www.scripps.edu
The Wright Institute,Berkeley,http://www.wi.edu
Thomas Aquinas College,San Paula,http://www.thomasaquinas.edu
Thomas Jefferson School of Law,San Diego,http://www.tjsl.edu
Touro College Los Angeles,West Hollywood,http://www.touro.edu/losangeles
Touro University California,Vallejo,http://www.tu.edu
United States University,Chula Vista,http://www.usuniversity.edu/
University of Arizona Global Campus,San Diego,https://www.uagc.edu
University of California,Oakland,http://www.ucop.edu
University of California Berkeley,Berkeley,https://www.berkeley.edu
"University of California College of the Law, San Francisco",San Francisco,https://www.uchastings.edu
University of California Davis,Davis,https://www.ucdavis.edu
University of California Irvine,Irvine,https://www.uci.edu
University of California Los Angeles,Los Angeles,https://www.ucla.edu
University of California Merced,Merced,https://www.ucmerced.edu
University of California Riverside,Riverside,https://www.ucr.edu
University of California San Diego,La Jolla,https://www.ucsd.edu
University of California San Francisco,San Francisco,https://www.ucsf.edu
University of California Santa Barbara,Santa Barbara,https://www.ucsb.edu
University of California Santa Cruz,Santa Cruz,http://www.ucsc.edu
University of East-West Medicine,Sunnyvale,http://www.uewm.edu
University of La Verne,La Verne,http://www.ulv.edu
University of Redlands,Redlands,https://www.redlands.edu
University of San Diego,San Diego,http://www.sandiego.edu
University of San Francisco,San Francisco,http://www.usfca.edu
University of Silicon Valley,San Jose,https://usv.edu
University of Southern California,Los Angeles,https://www.usc.edu
University of the Pacific,Stockton,http://www.pacific.edu
University of the People,Pasadena,http://www.uopeople.edu
University of the West,Rosemead,http://www.uwest.edu
Vanguard University of Southern California,Costa Mesa,http://www.vanguard.edu
West Coast University,Los Angeles,http://www.westcoastuniversity.edu/
West Los Angeles College,Culver City,https://www.wlac.edu
Westcliff University,Irvine,http://www.westcliff.edu
Western University of Health Sciences,Pomona,http://www.westernu.edu
Westmont College,Santa Barbara,http://www.westmont.edu
Whittier College,Whittier,http://www.whittier.edu
William Jessup University,Rocklin,http://www.jessup.edu
Woodbury University,Burbank,http://www.woodbury.edu
Yo San University of Traditional Chinese Medicine,Los Angeles,http://www.yosan.edu
"The Chicago School of Professional Psychology at Los Angeles
The Chicago School of Professional Psychology at Washington DC",Washington,https://www.thechicagoschool.edu/washington-dc
"West Coast University
West Coast University - Miami",Doral,https://westcoastuniversity.edu/campuses/miami
"Pacific College of Health and Science
Pacific College of Health and Science-Chicago",Chicago,https://www.pacificcollege.edu
"Pacific College of Oriental Medicine
Pacific College of Health and Science-New York",New York,https://www.pacificcollege.edu/prospective/locations/new-york
"The Chicago School of Professional Psychology at Los Angeles
Chicago School of Professional Psychology at Dallas",Richardson,https://www.thechicagoschool.edu/dallas
